{"cameraMode":{"drawMode":0,"name":"Shaded","section":"Shading Mode"},"sceneLighting":true,"audioPlay":false,"sceneViewState":{"m_AlwaysRefresh":false,"showFog":true,"showSkybox":true,"showFlares":true,"showImageEffects":true,"showParticleSystems":true,"showVisualEffectGraphs":true,"m_FxEnabled":true},"in2DMode":false,"pivot":{"x":40.89661407470703,"y":16.383216857910158,"z":20.901737213134767},"rotation":{"x":0.010499573312699795,"y":-0.006897547747939825,"z":0.00007242419087560847,"w":0.9999220967292786},"size":52.0352783203125,"orthographic":false}