{"cameraMode":{"drawMode":0,"name":"Shaded","section":"Shading Mode"},"sceneLighting":true,"audioPlay":false,"sceneViewState":{"m_AlwaysRefresh":false,"showFog":true,"showSkybox":true,"showFlares":true,"showImageEffects":true,"showParticleSystems":true,"showVisualEffectGraphs":true,"m_FxEnabled":true},"in2DMode":false,"pivot":{"x":-35.98069763183594,"y":-6.9989519119262699,"z":29.644210815429689},"rotation":{"x":0.24643459916114808,"y":-0.0014537411043420435,"z":0.00036965199979022145,"w":0.9691582918167114},"size":51.39231491088867,"orthographic":false}