{"cameraMode":{"drawMode":0,"name":"Shaded","section":"Shading Mode"},"sceneLighting":true,"audioPlay":false,"sceneViewState":{"m_AlwaysRefresh":false,"showFog":true,"showSkybox":true,"showFlares":true,"showImageEffects":true,"showParticleSystems":true,"showVisualEffectGraphs":true,"m_FxEnabled":true},"in2DMode":false,"pivot":{"x":34.6987190246582,"y":32.98362350463867,"z":-0.0593719482421875},"rotation":{"x":-0.03148791193962097,"y":-0.020988017320632936,"z":-0.0006613577716052532,"w":0.9992840886116028},"size":38.659481048583987,"orthographic":false}