{"cameraMode":{"drawMode":0,"name":"Shaded","section":"Shading Mode"},"sceneLighting":true,"audioPlay":false,"sceneViewState":{"m_AlwaysRefresh":false,"showFog":true,"showSkybox":true,"showFlares":true,"showImageEffects":true,"showParticleSystems":true,"showVisualEffectGraphs":true,"m_FxEnabled":true},"in2DMode":false,"pivot":{"x":16.32851219177246,"y":5.7297773361206059,"z":4.904596328735352},"rotation":{"x":0.19750627875328065,"y":-0.08077246695756912,"z":0.016331162303686143,"w":0.9768345952033997},"size":30.70630645751953,"orthographic":false}