{"cameraMode":{"drawMode":0,"name":"Shaded","section":"Shading Mode"},"sceneLighting":true,"audioPlay":false,"sceneViewState":{"m_AlwaysRefresh":false,"showFog":true,"showSkybox":true,"showFlares":true,"showImageEffects":true,"showParticleSystems":true,"showVisualEffectGraphs":true,"m_FxEnabled":true},"in2DMode":false,"pivot":{"x":6.950218200683594,"y":29.005464553833009,"z":18.864654541015626},"rotation":{"x":-0.011981304734945298,"y":0.0554676316678524,"z":0.0006656626355834305,"w":0.9983891844749451},"size":76.3707275390625,"orthographic":false}